,url,title
0,https://youtu.be/aD3cke8KrMc,INC-5: Conversation with Observers
1,https://youtu.be/3G0N-Y8DeYA?si=7jG9bYKaMoy3S5rn,INC-4: Conversation with Observers
2,https://www.youtube.com/watch?v=-OZ1DR8Sn70,Day 1 Plenary - INC-2 - Original language
3,https://youtu.be/oLHn1xT3SjQ,INC-2 Day 1: Plenary 1/2 - Arabic
4,https://youtube.com/live/NadBwglkcZI,INC-2 Day 1: Plenary 1/2 - Chinese
5,https://youtu.be/gcFnKP-ziDs,INC-2 Day 1: Plenary 1/2 - English
6,https://youtu.be/Jyuc_zIVUg4,INC-2 Day 1: Plenary 1/2 - French
7,https://youtu.be/oBTMXxTOkm0,INC-2 Day 1: Plenary 1/2 - Russian
8,https://youtu.be/-H2ei3hX5r8,INC-2 Day 1: Plenary 1/2 - Spanish
9,https://youtu.be/C8mojvYXsbw,INC-2 Day 1: Plenary 2/2 - Arabic
10,https://youtu.be/GUDqh5hHR9c,INC-2 Day 1: Plenary 2/2 - Chinese
11,https://youtu.be/6W7VBp1GFic,INC-2 Day 1: Plenary 2/2 - English
12,https://youtu.be/cEOGQxMczug,INC-2 Day 1: Plenary 2/2 - French
13,https://youtu.be/N1P8EZ3ZXlc,INC-2 Day 1: Plenary 2/2 - Russian
14,https://youtu.be/6L3dQanotr8,INC-2 Day 1: Plenary 2/2 - Spanish
15,https://www.youtube.com/watch?v=iv2YqonIm9I,Day 2 INC 2 Plenary - Original language
16,https://youtu.be/7-y8dw3G7P0,INC-2 Day 2: Plenary 1/2 - Arabic
17,https://youtu.be/ia6DbXJfpoA,INC-2 Day 2: Plenary 1/2 - Chinese
18,https://youtu.be/I0dSo4yQ5dE,INC-2 Day 2: Plenary 1/2 - English
19,https://youtu.be/Iylc8CGljbs,INC-2 Day 2: Plenary 1/2 - French
20,https://youtu.be/deEeUrnga38,INC-2 Day 2: Plenary 1/2 - Russian
21,https://youtu.be/F0cN0AZXM28,INC-2 Day 2: Plenary 1/2 - Spanish
22,https://youtu.be/DDBqkekDAMo,INC-2 Day 2: Plenary 2/2 - Arabic
23,https://youtu.be/DZCSgMbjZmQ,INC-2 Day 2: Plenary 2/2 - Chinese
24,https://youtu.be/LHJsNJD-abA,INC-2 Day 2: Plenary 2/2 - English
25,https://youtu.be/f4ZrDlF81hI,INC-2 Day 2: Plenary 2/2 - French
26,https://youtu.be/eDF8BJb6j5o,INC-2 Day 2: Plenary 2/2 - Russian
27,https://youtu.be/_77miA4bUJE,INC-2 Day 2: Plenary 2/2 - Spanish
28,https://www.youtube.com/watch?v=Hjp5NlE4C8o,Day 3 - INC -2 Plenary - Original Language
29,https://youtu.be/YACT9VvAaFM,INC-2 Day 3: Plenary 1/3 - Arabic
30,https://youtu.be/1ivg3xURCvM,INC-2 Day 3: Plenary 1/3 - Chinese
31,https://youtu.be/NFGehya6ekQ,INC-2 Day 3: Plenary 1/3 - English
32,https://youtu.be/t8-NUPlj5VM,INC-2 Day 3: Plenary 1/3 - French
33,https://youtu.be/456pzVIaHBw,INC-2 Day 3: Plenary 1/3 - Russian
34,https://youtu.be/wyZq-f94DoU,INC-2 Day 3: Plenary 1/3 - Spanish
35,https://youtu.be/Dnt-ImxHIWs,INC-2 Day 3: Plenary 2/3 - Arabic
36,https://youtu.be/5wsLiAJKtDU,INC-2 Day 3: Plenary 2/3 - Chinese
37,https://youtu.be/57gA_ikFauI,INC-2 Day 3: Plenary 2/3 - English
38,https://youtu.be/0_AuDGy3rtk,INC-2 Day 3: Plenary 2/3 - French
39,https://youtu.be/xCvM3erT2wU,INC-2 Day 3: Plenary 2/3 - Russian
40,https://youtu.be/bspq0LsgQW0,INC-2 Day 3: Plenary 2/3 - Spanish
41,https://youtu.be/-aaju9OwTxs,INC-2 Day 3: Plenary 3/3 - English
42,https://www.youtube.com/watch?v=S9qYSpWdZO8,Day 5 INC-2 Plenary - Original language
43,https://youtu.be/eqeHjD_nN18,INC-2 Day 5: Plenary 1/2 - Arabic
44,https://youtu.be/MdaMk7ajEXA,INC-2 Day 5: Plenary 1/2 - Chinese
45,https://youtu.be/YF6U5h1_5eU,INC-2 Day 5: Plenary 1/2 - English
46,https://youtu.be/QvAo4chpjjY,INC-2 Day 5: Plenary 1/2 - French
47,https://youtu.be/AsnysdkCtgs,INC-2 Day 5: Plenary 1/2 - Russian
48,https://youtu.be/k3BUn3tDHg0,INC-2 Day 5: Plenary 1/2 - Spanish
49,https://youtu.be/rnU-VhRzySQ,INC-2 Day 5: Plenary 2/2 - Arabic
50,https://youtu.be/ie7zD7lFq1s,INC-2 Day 5: Plenary 2/2 - Chinese
51,https://youtu.be/X_j5gX6nK-k,INC-2 Day 5: Plenary 2/2 - English
52,https://youtu.be/Rktx8RCh5D4,INC-2 Day 5: Plenary 2/2 - French
53,https://youtu.be/kg7-e88kQEk,INC-2 Day 5: Plenary 2/2 - Russian
54,https://youtu.be/5IOJeduLCLQ,INC-2 Day 5: Plenary 2/2 - Spanish
55,https://youtu.be/gPho5jC_TV4,INC-2: Press Briefing - English
56,https://youtu.be/pJQkvOlIYac,INC-2: Press Briefing - French
57,https://www.youtube.com/watch?v=Iiq92C8bv7k,INC Day 1 - Floor
58,https://youtu.be/6Ej-M0Pmsak,INC Day 1 – Arabic
59,https://youtu.be/V5OhR6sA8ys,INC Day 1 – Chinese
60,https://youtu.be/N_GSIL0lLDs,INC Day 1 – English
61,https://youtu.be/N0tndIkgmhE,INC Day 1 – French
62,https://youtu.be/rI9yR9Unecs,INC Day 1 – Russian
63,https://youtu.be/faWpcV3_ft8,INC Day 1 – Spanish
64,https://youtu.be/kKJQ2JLEjCw,INC Day 2 – Floor
65,https://www.youtube.com/live/nHWOm3jnM4k?si=Quv6OyR4JmAOHy6k,INC Day 2 – Arabic
66,https://youtu.be/ok2W6StHNN4,INC Day 2 – Chinese
67,https://youtu.be/v8yQgZOdliQ,INC Day 2 – English
68,https://youtu.be/lvZazc9HwzU,INC Day 2 – French
69,https://youtu.be/rULFUwbNL1M,INC-1 Day 2 - Morning Plenary Session - Russian Channel
70,https://youtu.be/7RT5xpE9i9A,INC-1 Day 2 Afternoon Plenary Session - Russian Channel
71,https://youtu.be/aLkn6JthYpU,INC Day 2 – Spanish
72,https://youtu.be/yg4uKHqyIdo,INC Day 3 – Floor
73,https://youtu.be/o0SnFfqM-vY,INC Day 3 – Arabic
74,https://youtu.be/3kd_aowmGbU,INC Day 3 – Chinese
75,https://youtu.be/ZhRN68iWz1k,INC Day 3 – English
76,https://youtu.be/s_89v97a7xM,INC Day 3 – French
77,https://youtu.be/UKpl8ow0BOY,INC Day 3 – Russian
78,https://youtu.be/02NpoZmPh5U,INC Day 3 – Spanish
79,https://youtu.be/rxLrJlIPeHQ%20,INC Day 4 – Floor
80,https://youtu.be/flQcIIXolDU,INC Day 4 – Arabic
81,https://youtu.be/r6d7Cil915I,INC Day 4 – Chinese
82,https://youtu.be/h0LsDf0-rz8,INC Day 4 – English
83,https://youtu.be/J8dZVczMnvg,INC Day 4 – French
84,https://youtu.be/w8dh0Jd12n4,INC Day 4 – Russian
85,https://youtu.be/yQWUgUmTS8w,INC Day 4 – Spanish
86,https://youtu.be/TeNi2dggDbg,INC-1 Day 5: Secretariat on Plastic Pollution - Arabic
87,https://youtu.be/KJyStOb3RhA,INC-1 Day 5: Secretariat on Plastic Pollution - Chinese
88,https://youtu.be/c8wjbRH0LB0,INC-1 Day 5: Secretariat on Plastic Pollution - French
89,https://youtu.be/rwNWK-ceGuI,INC-1 Day 5: Secretariat on Plastic Pollution - Russian
90,https://youtu.be/Qyszy1BKbPE,INC-1 Day 5: Secretariat on Plastic Pollution - Spanish
91,https://www.youtube.com/unenvironmentprogramme,UN Environment Programme
